{
  "type": "FeatureCollection",
  "generator": "overpass-turbo",
  "copyright": "The data included in this document is from www.openstreetmap.org. The data is made available under ODbL.",
  "timestamp": "2026-07-12T22:13:53Z",
  "features": [
    {
      "type": "Feature",
      "properties": {
        "@id": "way/30881164",
        "electrified": "rail",
        "frequency": "0",
        "gauge": "1435",
        "layer": "-2",
        "level": "-2",
        "maxspeed": "80",
        "name": "U2/U3",
        "operator": "VAG Verkehrs-Aktiengesellschaft Nürnberg",
        "railway": "subway",
        "railway:lzb": "yes",
        "source": "extrapolation",
        "tunnel": "yes",
        "voltage": "750"
      },
      "geometry": {
        "type": "LineString",
        "coordinates": [
          [
            11.0867165,
            49.4516499
          ],
          [
            11.08673,
            49.4517713
          ],
          [
            11.0867371,
            49.4518075
          ],
          [
            11.0867568,
            49.4519081
          ],
          [
            11.0867743,
            49.4520032
          ],
          [
            11.0868015,
            49.4521008
          ],
          [
            11.086949,
            49.4524901
          ],
          [
            11.0870962,
            49.4528786
          ],
          [
            11.0871645,
            49.453018
          ],
          [
            11.087237,
            49.4531418
          ],
          [
            11.0873188,
            49.4532673
          ],
          [
            11.0873943,
            49.4533723
          ]
        ]
      },
      "id": "way/30881164"
    },
    {
      "type": "Feature",
      "properties": {
        "@id": "way/76705924",
        "bench": "yes",
        "bin": "yes",
        "description": "Lorenzkirche U Bahn Gleis 1",
        "height": "1",
        "level": "-2",
        "platform:width": "4.8",
        "public_transport": "platform",
        "railway": "platform",
        "ref": "1",
        "ref:IFOPT": "de:09564:505:11:2",
        "subway": "yes",
        "tactile_paving": "yes"
      },
      "geometry": {
        "type": "LineString",
        "coordinates": [
          [
            11.0755263,
            49.4468534
          ],
          [
            11.0755288,
            49.4468666
          ],
          [
            11.0754794,
            49.4468706
          ],
          [
            11.0751148,
            49.4468997
          ],
          [
            11.0748956,
            49.4469172
          ],
          [
            11.0747425,
            49.4469294
          ],
          [
            11.0743556,
            49.4469603
          ],
          [
            11.0743054,
            49.4469643
          ],
          [
            11.0743032,
            49.4469512
          ]
        ]
      },
      "id": "way/76705924"
    },
    {
      "type": "Feature",
      "properties": {
        "@id": "way/76705927",
        "bench": "yes",
        "bin": "yes",
        "description": "Lorenzkirche U Bahn Gleis 3",
        "height": "1",
        "level": "-2",
        "lit": "yes",
        "name": "Plärrer",
        "note": "There are two platforms vertically aligned, but on different levels. Please don't merge their nodes, or else you'll damage routing functionality.",
        "public_transport": "platform",
        "railway": "platform",
        "ref": "3",
        "ref:IFOPT": "de:09564:704:8:3",
        "subway": "yes",
        "tactile_paving": "yes"
      },
      "geometry": {
        "type": "LineString",
        "coordinates": [
          [
            11.0656163,
            49.4482173
          ],
          [
            11.0656163,
            49.4482124
          ],
          [
            11.0655921,
            49.4482144
          ],
          [
            11.065558,
            49.4482175
          ],
          [
            11.0654907,
            49.4482242
          ],
          [
            11.0654435,
            49.4482289
          ],
          [
            11.0653872,
            49.4482344
          ],
          [
            11.0651132,
            49.4482611
          ],
          [
            11.0649144,
            49.4482799
          ],
          [
            11.0647359,
            49.4482964
          ],
          [
            11.0647181,
            49.448298
          ],
          [
            11.0646719,
            49.4483022
          ],
          [
            11.0645559,
            49.4483126
          ],
          [
            11.0643832,
            49.4483275
          ],
          [
            11.0642471,
            49.4483386
          ],
          [
            11.0642358,
            49.4483395
          ],
          [
            11.0642402,
            49.4483525
          ]
        ]
      },
      "id": "way/76705927"
    },
    {
      "type": "Feature",
      "properties": {
        "@id": "way/76705929",
        "electrified": "rail",
        "frequency": "0",
        "gauge": "1435",
        "level": "-3",
        "maxspeed": "80",
        "name": "U2/U3",
        "operator": "VAG Verkehrs-Aktiengesellschaft Nürnberg",
        "railway": "subway",
        "railway:lzb": "yes",
        "source": "extrapolation",
        "tunnel": "yes",
        "voltage": "750"
      },
      "geometry": {
        "type": "LineString",
        "coordinates": [
          [
            11.0606619,
            49.4489291
          ],
          [
            11.0604832,
            49.4489296
          ],
          [
            11.0603112,
            49.4489197
          ],
          [
            11.0601392,
            49.4489048
          ],
          [
            11.0600987,
            49.4488994
          ],
          [
            11.0599434,
            49.4488786
          ],
          [
            11.059702,
            49.4488315
          ],
          [
            11.0594789,
            49.4487868
          ],
          [
            11.0593198,
            49.4487435
          ],
          [
            11.0591603,
            49.4486958
          ],
          [
            11.0590328,
            49.4486467
          ],
          [
            11.0589281,
            49.4485912
          ],
          [
            11.0588089,
            49.4485229
          ],
          [
            11.0587563,
            49.4484875
          ],
          [
            11.0587037,
            49.4484522
          ],
          [
            11.058593,
            49.4483773
          ],
          [
            11.0584998,
            49.448303
          ],
          [
            11.0583918,
            49.4482003
          ],
          [
            11.0582912,
            49.4480899
          ],
          [
            11.0580941,
            49.4477922
          ],
          [
            11.0579336,
            49.4475014
          ],
          [
            11.0578071,
            49.4472717
          ],
          [
            11.0576811,
            49.4470724
          ],
          [
            11.057583,
            49.4469216
          ],
          [
            11.0575408,
            49.4468648
          ],
          [
            11.0574521,
            49.4467454
          ],
          [
            11.057328,
            49.446559
          ],
          [
            11.0569635,
            49.4461068
          ],
          [
            11.0568384,
            49.4459742
          ],
          [
            11.0565085,
            49.4456246
          ],
          [
            11.056286,
            49.4454251
          ],
          [
            11.056035,
            49.4452
          ],
          [
            11.0558331,
            49.4450388
          ]
        ]
      },
      "id": "way/76705929"
    },
    {
      "type": "Feature",
      "properties": {
        "@id": "way/76705986",
        "electrified": "rail",
        "frequency": "0",
        "gauge": "1435",
        "layer": "-3",
        "level": "-3",
        "maxspeed": "60",
        "name": "U2/U3",
        "operator": "VAG Verkehrs-Aktiengesellschaft Nürnberg",
        "railway": "subway",
        "railway:lzb": "yes",
        "source": "extrapolation",
        "tunnel": "yes",
        "voltage": "750"
      },
      "geometry": {
        "type": "LineString",
        "coordinates": [
          [
            11.0627498,
            49.4485921
          ],
          [
            11.0631283,
            49.448504
          ],
          [
            11.0634908,
            49.4484229
          ],
          [
            11.0637021,
            49.4483894
          ],
          [
            11.0638755,
            49.4483654
          ],
          [
            11.0642221,
            49.4483211
          ],
          [
            11.0642309,
            49.4483204
          ],
          [
            11.0642418,
            49.4483195
          ],
          [
            11.0643915,
            49.4483073
          ],
          [
            11.0645653,
            49.4482922
          ],
          [
            11.0647449,
            49.448276
          ],
          [
            11.0649329,
            49.4482587
          ],
          [
            11.0650936,
            49.4482433
          ],
          [
            11.0652486,
            49.4482284
          ],
          [
            11.0653814,
            49.4482154
          ],
          [
            11.0654849,
            49.4482051
          ],
          [
            11.0655521,
            49.4481984
          ],
          [
            11.0656111,
            49.4481925
          ]
        ]
      },
      "id": "way/76705986"
    },
    {
      "type": "Feature",
      "properties": {
        "@id": "way/76883326",
        "electrified": "rail",
        "frequency": "0",
        "gauge": "1435",
        "layer": "-1",
        "level": "-1",
        "maxspeed": "80",
        "name": "U3",
        "operator": "VAG Verkehrs-Aktiengesellschaft Nürnberg",
        "railway": "subway",
        "railway:lzb": "yes",
        "tunnel": "yes",
        "voltage": "750"
      },
      "geometry": {
        "type": "LineString",
        "coordinates": [
          [
            11.0397881,
            49.4403371
          ],
          [
            11.0430686,
            49.4415796
          ],
          [
            11.0436116,
            49.4417867
          ],
          [
            11.0441547,
            49.4419938
          ],
          [
            11.0447168,
            49.4422034
          ],
          [
            11.0449963,
            49.4422822
          ],
          [
            11.0452426,
            49.4423354
          ],
          [
            11.0456266,
            49.442406
          ],
          [
            11.0459091,
            49.4424437
          ]
        ]
      },
      "id": "way/76883326"
    },
    {
      "type": "Feature",
      "properties": {
        "@id": "way/76902963",
        "electrified": "rail",
        "frequency": "0",
        "gauge": "1435",
        "layer": "-1",
        "level": "-1",
        "maxspeed": "80",
        "name": "U3",
        "operator": "VAG Verkehrs-Aktiengesellschaft Nürnberg",
        "railway": "subway",
        "railway:lzb": "yes",
        "tunnel": "yes",
        "voltage": "750"
      },
      "geometry": {
        "type": "LineString",
        "coordinates": [
          [
            11.0460581,
            49.4425891
          ],
          [
            11.0456963,
            49.4425368
          ],
          [
            11.0453785,
            49.4424751
          ],
          [
            11.0450016,
            49.442392
          ],
          [
            11.0445934,
            49.4422624
          ],
          [
            11.0440818,
            49.4420716
          ],
          [
            11.0435397,
            49.4418663
          ],
          [
            11.0429965,
            49.4416605
          ],
          [
            11.0420264,
            49.4412996
          ],
          [
            11.0410007,
            49.4408422
          ],
          [
            11.0394688,
            49.4402504
          ]
        ]
      },
      "id": "way/76902963"
    },
    {
      "type": "Feature",
      "properties": {
        "@id": "way/77353070",
        "electrified": "rail",
        "frequency": "0",
        "gauge": "1435",
        "layer": "-2",
        "level": "-2",
        "maxspeed": "80",
        "name": "U2/U3",
        "operator": "VAG Verkehrs-Aktiengesellschaft Nürnberg",
        "railway": "subway",
        "railway:lzb": "yes",
        "source": "extrapolation",
        "tunnel": "yes",
        "voltage": "750"
      },
      "geometry": {
        "type": "LineString",
        "coordinates": [
          [
            11.0872174,
            49.4534236
          ],
          [
            11.087127,
            49.4532935
          ],
          [
            11.087064,
            49.4531793
          ],
          [
            11.0869889,
            49.4530555
          ],
          [
            11.0869201,
            49.4529082
          ],
          [
            11.0867638,
            49.4525178
          ],
          [
            11.0866098,
            49.4521329
          ],
          [
            11.0865704,
            49.4520145
          ],
          [
            11.0865409,
            49.4519151
          ],
          [
            11.0865061,
            49.4517887
          ],
          [
            11.0864883,
            49.4516893
          ]
        ]
      },
      "id": "way/77353070"
    },
    {
      "type": "Feature",
      "properties": {
        "@id": "way/77353076",
        "electrified": "rail",
        "frequency": "0",
        "gauge": "1435",
        "layer": "-2",
        "level": "-2",
        "maxspeed": "80",
        "name": "U2/U3",
        "operator": "VAG Verkehrs-Aktiengesellschaft Nürnberg",
        "railway": "subway",
        "railway:lzb": "yes",
        "tunnel": "yes",
        "voltage": "750"
      },
      "geometry": {
        "type": "LineString",
        "coordinates": [
          [
            11.0873943,
            49.4533723
          ],
          [
            11.0878309,
            49.4539661
          ],
          [
            11.0882632,
            49.4544217
          ],
          [
            11.0886898,
            49.4547296
          ],
          [
            11.0889546,
            49.4549628
          ],
          [
            11.0891603,
            49.455212
          ],
          [
            11.0892578,
            49.4553569
          ],
          [
            11.0893367,
            49.4554979
          ],
          [
            11.0894093,
            49.4556367
          ],
          [
            11.0894711,
            49.455783
          ],
          [
            11.0895126,
            49.4559043
          ],
          [
            11.0895372,
            49.4560262
          ],
          [
            11.0895475,
            49.4561118
          ],
          [
            11.0895582,
            49.4562112
          ],
          [
            11.0895629,
            49.4563949
          ],
          [
            11.0895669,
            49.4568556
          ],
          [
            11.0895721,
            49.4572198
          ],
          [
            11.0895751,
            49.4574297
          ],
          [
            11.08964,
            49.4579145
          ]
        ]
      },
      "id": "way/77353076"
    },
    {
      "type": "Feature",
      "properties": {
        "@id": "way/77353082",
        "electrified": "rail",
        "frequency": "0",
        "gauge": "1435",
        "layer": "-3",
        "level": "-3",
        "maxspeed": "80",
        "name": "U2/U3",
        "operator": "VAG Verkehrs-Aktiengesellschaft Nürnberg",
        "railway": "subway",
        "railway:lzb": "yes",
        "source": "extrapolation",
        "source:maxspeed": "'Geschwindigkeitssignal' für 60 km/h nordöstlich des Bahnsteigbeginns",
        "tunnel": "yes",
        "voltage": "750"
      },
      "geometry": {
        "type": "LineString",
        "coordinates": [
          [
            11.0864883,
            49.4516893
          ],
          [
            11.086453,
            49.451429
          ],
          [
            11.0864441,
            49.4508376
          ],
          [
            11.0864876,
            49.4497501
          ],
          [
            11.0865038,
            49.4491959
          ],
          [
            11.0864116,
            49.4488711
          ],
          [
            11.0862027,
            49.4484652
          ],
          [
            11.085924,
            49.448245
          ],
          [
            11.0856757,
            49.4481221
          ],
          [
            11.0852544,
            49.4479346
          ],
          [
            11.0841383,
            49.4475438
          ],
          [
            11.083734,
            49.4474252
          ],
          [
            11.0834036,
            49.4473454
          ],
          [
            11.0833042,
            49.4473242
          ]
        ]
      },
      "id": "way/77353082"
    },
    {
      "type": "Feature",
      "properties": {
        "@id": "way/77355735",
        "bench": "yes",
        "bin": "yes",
        "description": "Rathenauplatz U-Bahn Gleis 1",
        "height": "1",
        "indoor": "yes",
        "level": "-2",
        "lit": "yes",
        "name": "Rathenauplatz",
        "public_transport": "platform",
        "railway": "platform",
        "ref": "1",
        "ref:IFOPT": "de:09564:332:11:1",
        "shelter": "yes",
        "subway": "yes",
        "tactile_paving": "yes"
      },
      "geometry": {
        "type": "LineString",
        "coordinates": [
          [
            11.089439,
            49.4563953
          ],
          [
            11.0894247,
            49.4563953
          ],
          [
            11.0894249,
            49.4564167
          ],
          [
            11.0894324,
            49.4570808
          ],
          [
            11.089432,
            49.4572021
          ],
          [
            11.0894321,
            49.4572182
          ],
          [
            11.0894453,
            49.4572182
          ]
        ]
      },
      "id": "way/77355735"
    },
    {
      "type": "Feature",
      "properties": {
        "@id": "way/77356818",
        "electrified": "rail",
        "frequency": "0",
        "gauge": "1435",
        "layer": "-2",
        "level": "-2",
        "maxspeed": "80",
        "name": "U2/U3",
        "operator": "VAG Verkehrs-Aktiengesellschaft Nürnberg",
        "railway": "subway",
        "railway:lzb": "yes",
        "tunnel": "yes",
        "voltage": "750"
      },
      "geometry": {
        "type": "LineString",
        "coordinates": [
          [
            11.0894004,
            49.4563954
          ],
          [
            11.0893852,
            49.456219
          ],
          [
            11.0893772,
            49.4561353
          ],
          [
            11.0893681,
            49.4560523
          ],
          [
            11.0893503,
            49.4559287
          ],
          [
            11.089313,
            49.4558028
          ],
          [
            11.0892497,
            49.4556541
          ],
          [
            11.089173,
            49.4555051
          ],
          [
            11.0891009,
            49.4553752
          ],
          [
            11.0890108,
            49.4552441
          ],
          [
            11.0888159,
            49.454991
          ],
          [
            11.0885791,
            49.4547952
          ],
          [
            11.0880366,
            49.4544337
          ],
          [
            11.0876183,
            49.4540187
          ],
          [
            11.0872174,
            49.4534236
          ]
        ]
      },
      "id": "way/77356818"
    },
    {
      "type": "Feature",
      "properties": {
        "@id": "way/77356819",
        "electrified": "rail",
        "frequency": "0",
        "gauge": "1435",
        "layer": "-2",
        "level": "-2",
        "maxspeed": "80",
        "name": "U3",
        "operator": "VAG Verkehrs-Aktiengesellschaft Nürnberg",
        "railway": "subway",
        "railway:lzb": "yes",
        "source": "extrapolation",
        "tunnel": "yes",
        "voltage": "750"
      },
      "geometry": {
        "type": "LineString",
        "coordinates": [
          [
            11.0549025,
            49.4656836
          ],
          [
            11.0556171,
            49.4655213
          ],
          [
            11.0559843,
            49.4654379
          ],
          [
            11.0563789,
            49.4653483
          ],
          [
            11.0590014,
            49.4647526
          ],
          [
            11.0604897,
            49.4644146
          ],
          [
            11.0634827,
            49.4640462
          ],
          [
            11.063832,
            49.4640171
          ],
          [
            11.0645833,
            49.4639546
          ],
          [
            11.0650148,
            49.4639187
          ],
          [
            11.0655465,
            49.4638745
          ],
          [
            11.0660576,
            49.4638018
          ],
          [
            11.0665408,
            49.4636947
          ],
          [
            11.0676884,
            49.4633175
          ],
          [
            11.0680331,
            49.4632042
          ],
          [
            11.0683344,
            49.4631051
          ],
          [
            11.0692794,
            49.4627972
          ],
          [
            11.0697923,
            49.4626584
          ],
          [
            11.0703744,
            49.4625346
          ],
          [
            11.0707071,
            49.4624832
          ],
          [
            11.0707741,
            49.462473
          ],
          [
            11.0708532,
            49.4624615
          ],
          [
            11.0709581,
            49.4624469
          ],
          [
            11.0710856,
            49.4624298
          ],
          [
            11.0712324,
            49.4624111
          ]
        ]
      },
      "id": "way/77356819"
    },
    {
      "type": "Feature",
      "properties": {
        "@id": "way/77359279",
        "electrified": "rail",
        "frequency": "0",
        "gauge": "1435",
        "layer": "-1",
        "level": "-1",
        "maxspeed": "80",
        "name": "U3",
        "operator": "VAG Verkehrs-Aktiengesellschaft Nürnberg",
        "railway": "subway",
        "railway:lzb": "yes",
        "source": "extrapolation",
        "tunnel": "yes",
        "voltage": "750"
      },
      "geometry": {
        "type": "LineString",
        "coordinates": [
          [
            11.0754219,
            49.4626966
          ],
          [
            11.0758513,
            49.462834
          ],
          [
            11.0761809,
            49.4629528
          ],
          [
            11.0763405,
            49.4630072
          ],
          [
            11.0765269,
            49.4630652
          ],
          [
            11.0767321,
            49.4631153
          ],
          [
            11.0769472,
            49.463161
          ],
          [
            11.0771076,
            49.4631972
          ],
          [
            11.0772739,
            49.4632274
          ],
          [
            11.077412,
            49.463246
          ],
          [
            11.0775843,
            49.4632557
          ],
          [
            11.0780613,
            49.4632619
          ],
          [
            11.0781138,
            49.463262
          ],
          [
            11.0781699,
            49.463263
          ],
          [
            11.0782547,
            49.463265
          ],
          [
            11.078374,
            49.4632686
          ],
          [
            11.0785334,
            49.4632739
          ],
          [
            11.0787387,
            49.4632813
          ],
          [
            11.0789956,
            49.4632912
          ],
          [
            11.0793098,
            49.463304
          ],
          [
            11.0796446,
            49.463305
          ],
          [
            11.0825528,
            49.4632906
          ],
          [
            11.0843304,
            49.4632853
          ],
          [
            11.084944,
            49.4632789
          ],
          [
            11.0855609,
            49.4632725
          ],
          [
            11.0858897,
            49.4632698
          ],
          [
            11.0863197,
            49.4632509
          ],
          [
            11.0867135,
            49.4632209
          ],
          [
            11.0870331,
            49.4631864
          ],
          [
            11.0874588,
            49.4631011
          ],
          [
            11.0881684,
            49.4628905
          ],
          [
            11.0886486,
            49.4627051
          ],
          [
            11.0887939,
            49.4626393
          ],
          [
            11.0889036,
            49.4625896
          ],
          [
            11.0891933,
            49.4623896
          ],
          [
            11.0894069,
            49.4621875
          ],
          [
            11.0895812,
            49.4619816
          ],
          [
            11.0898587,
            49.4615719
          ],
          [
            11.0900141,
            49.4612847
          ],
          [
            11.0901342,
            49.4609429
          ],
          [
            11.0901955,
            49.4607127
          ],
          [
            11.0902117,
            49.4605557
          ],
          [
            11.0902163,
            49.4605115
          ],
          [
            11.0901917,
            49.4602522
          ],
          [
            11.0901177,
            49.4600502
          ],
          [
            11.0900644,
            49.4599037
          ],
          [
            11.0900111,
            49.4597571
          ],
          [
            11.0898521,
            49.4593737
          ],
          [
            11.0896404,
            49.4589494
          ],
          [
            11.0895334,
            49.4585793
          ]
        ]
      },
      "id": "way/77359279"
    },
    {
      "type": "Feature",
      "properties": {
        "@id": "way/77359289",
        "electrified": "rail",
        "frequency": "0",
        "gauge": "1435",
        "layer": "-1",
        "level": "-1",
        "maxspeed": "80",
        "name": "U3",
        "operator": "VAG Verkehrs-Aktiengesellschaft Nürnberg",
        "railway": "subway",
        "railway:lzb": "yes",
        "source": "extrapolation",
        "tunnel": "yes",
        "voltage": "750"
      },
      "geometry": {
        "type": "LineString",
        "coordinates": [
          [
            11.0906256,
            49.4598546
          ],
          [
            11.0906017,
            49.4600054
          ],
          [
            11.0905602,
            49.4602019
          ],
          [
            11.090503,
            49.4604443
          ],
          [
            11.0904659,
            49.4605567
          ],
          [
            11.0904288,
            49.4606691
          ],
          [
            11.0903376,
            49.4608958
          ],
          [
            11.0902437,
            49.4611276
          ],
          [
            11.0901452,
            49.4613274
          ],
          [
            11.0899802,
            49.4616043
          ],
          [
            11.0896967,
            49.4620119
          ],
          [
            11.0894981,
            49.4622381
          ],
          [
            11.0892684,
            49.462461
          ],
          [
            11.0889694,
            49.4626476
          ],
          [
            11.0886626,
            49.4627871
          ],
          [
            11.0881967,
            49.462965
          ],
          [
            11.0880557,
            49.4630043
          ],
          [
            11.0874885,
            49.4631627
          ],
          [
            11.0871565,
            49.463237
          ],
          [
            11.08678,
            49.4632963
          ],
          [
            11.0863921,
            49.4633381
          ],
          [
            11.085976,
            49.4633587
          ],
          [
            11.0855625,
            49.4633633
          ],
          [
            11.0849487,
            49.4633699
          ],
          [
            11.0843322,
            49.4633765
          ],
          [
            11.0835472,
            49.463373
          ],
          [
            11.0823731,
            49.4633749
          ],
          [
            11.0797344,
            49.4634048
          ],
          [
            11.0796444,
            49.4634044
          ],
          [
            11.0793052,
            49.4633923
          ],
          [
            11.079269,
            49.463391
          ],
          [
            11.0789995,
            49.4633809
          ],
          [
            11.0785449,
            49.4633652
          ],
          [
            11.078265,
            49.4633569
          ],
          [
            11.0780552,
            49.4633524
          ],
          [
            11.0776487,
            49.4633438
          ],
          [
            11.0776023,
            49.4633428
          ],
          [
            11.0774295,
            49.4633341
          ],
          [
            11.0772806,
            49.4633175
          ],
          [
            11.0771653,
            49.4632963
          ],
          [
            11.0769214,
            49.4632425
          ],
          [
            11.0766986,
            49.463192
          ],
          [
            11.0764813,
            49.4631359
          ],
          [
            11.0762869,
            49.4630708
          ],
          [
            11.0761326,
            49.4630103
          ],
          [
            11.0758045,
            49.4628945
          ],
          [
            11.0753897,
            49.4627558
          ]
        ]
      },
      "id": "way/77359289"
    },
    {
      "type": "Feature",
      "properties": {
        "@id": "way/77360750",
        "electrified": "rail",
        "frequency": "0",
        "gauge": "1435",
        "layer": "-3",
        "maxspeed": "80",
        "name": "U3",
        "operator": "VAG Verkehrs-Aktiengesellschaft Nürnberg",
        "railway": "subway",
        "railway:lzb": "yes",
        "source": "extrapolation",
        "tunnel": "yes",
        "voltage": "750"
      },
      "geometry": {
        "type": "LineString",
        "coordinates": [
          [
            11.0904888,
            49.4591339
          ],
          [
            11.0905562,
            49.4592412
          ],
          [
            11.0906032,
            49.4593589
          ],
          [
            11.0906263,
            49.4594753
          ],
          [
            11.0906261,
            49.4596067
          ],
          [
            11.0906256,
            49.4598546
          ]
        ]
      },
      "id": "way/77360750"
    },
    {
      "type": "Feature",
      "properties": {
        "@id": "way/135934767",
        "electrified": "rail",
        "frequency": "0",
        "gauge": "1435",
        "layer": "-2",
        "maxspeed": "80",
        "name": "U3",
        "operator": "VAG Verkehrs-Aktiengesellschaft Nürnberg",
        "railway": "subway",
        "railway:lzb": "yes",
        "source": "extrapolation",
        "tunnel": "yes",
        "voltage": "750"
      },
      "geometry": {
        "type": "LineString",
        "coordinates": [
          [
            11.08964,
            49.4579145
          ],
          [
            11.0897332,
            49.4581573
          ],
          [
            11.0898278,
            49.4583977
          ],
          [
            11.0899592,
            49.458627
          ],
          [
            11.090192,
            49.458871
          ],
          [
            11.0904888,
            49.4591339
          ]
        ]
      },
      "id": "way/135934767"
    },
    {
      "type": "Feature",
      "properties": {
        "@id": "way/139534038",
        "electrified": "rail",
        "frequency": "0",
        "gauge": "1435",
        "level": "-3",
        "maxspeed": "80",
        "name": "U2/U3",
        "operator": "VAG Verkehrs-Aktiengesellschaft Nürnberg",
        "railway": "subway",
        "railway:lzb": "yes",
        "source": "extrapolation",
        "tunnel": "yes",
        "voltage": "750"
      },
      "geometry": {
        "type": "LineString",
        "coordinates": [
          [
            11.0543524,
            49.4437317
          ],
          [
            11.0548793,
            49.4441716
          ],
          [
            11.055279,
            49.444459
          ],
          [
            11.0557192,
            49.4447601
          ],
          [
            11.056176,
            49.4450933
          ],
          [
            11.0564995,
            49.4453778
          ],
          [
            11.0567696,
            49.445616
          ],
          [
            11.0570869,
            49.4459655
          ],
          [
            11.0571833,
            49.4460974
          ],
          [
            11.0574562,
            49.4464707
          ],
          [
            11.0576421,
            49.4467817
          ],
          [
            11.0578257,
            49.4470648
          ],
          [
            11.057897,
            49.4471812
          ],
          [
            11.0579385,
            49.447249
          ],
          [
            11.0580629,
            49.4474593
          ],
          [
            11.0582282,
            49.4477582
          ],
          [
            11.0584226,
            49.4480517
          ],
          [
            11.058491,
            49.4481349
          ],
          [
            11.0586003,
            49.4482392
          ],
          [
            11.0586642,
            49.4482929
          ],
          [
            11.0586962,
            49.4483197
          ],
          [
            11.0587961,
            49.4483867
          ],
          [
            11.0589121,
            49.448461
          ],
          [
            11.0590202,
            49.4485213
          ],
          [
            11.0591227,
            49.4485752
          ],
          [
            11.05924,
            49.4486214
          ],
          [
            11.0593627,
            49.4486641
          ],
          [
            11.0594991,
            49.448707
          ],
          [
            11.0596688,
            49.44875
          ],
          [
            11.0598355,
            49.4487878
          ],
          [
            11.0600715,
            49.4488289
          ],
          [
            11.0602492,
            49.4488594
          ],
          [
            11.0604158,
            49.448881
          ],
          [
            11.0605349,
            49.4488934
          ],
          [
            11.0606462,
            49.4488982
          ]
        ]
      },
      "id": "way/139534038"
    },
    {
      "type": "Feature",
      "properties": {
        "@id": "way/228604131",
        "electrified": "rail",
        "frequency": "0",
        "gauge": "1435",
        "layer": "-3",
        "level": "-2",
        "maxspeed": "80",
        "name": "U2/U3",
        "operator": "VAG Verkehrs-Aktiengesellschaft Nürnberg",
        "railway": "subway",
        "railway:lzb": "yes",
        "source": "extrapolation",
        "tunnel": "yes",
        "voltage": "750"
      },
      "geometry": {
        "type": "LineString",
        "coordinates": [
          [
            11.0664415,
            49.4480136
          ],
          [
            11.0671879,
            49.4477976
          ],
          [
            11.0680939,
            49.4474918
          ],
          [
            11.0682907,
            49.4474341
          ],
          [
            11.0684877,
            49.4473807
          ],
          [
            11.0687869,
            49.4473129
          ],
          [
            11.0690745,
            49.4472553
          ],
          [
            11.0693153,
            49.4472249
          ],
          [
            11.0697364,
            49.4471874
          ],
          [
            11.0703403,
            49.4471459
          ],
          [
            11.070993,
            49.4470984
          ],
          [
            11.0715811,
            49.4470528
          ],
          [
            11.0736019,
            49.4469172
          ],
          [
            11.0739629,
            49.4468948
          ],
          [
            11.0742892,
            49.4468764
          ],
          [
            11.0749122,
            49.4468267
          ],
          [
            11.0755123,
            49.4467788
          ],
          [
            11.0763824,
            49.4466999
          ],
          [
            11.0782819,
            49.446537
          ],
          [
            11.0788304,
            49.4465134
          ],
          [
            11.0793073,
            49.4465124
          ],
          [
            11.0797255,
            49.4465265
          ],
          [
            11.079906,
            49.4465326
          ],
          [
            11.0803773,
            49.4465792
          ],
          [
            11.0811045,
            49.4466651
          ]
        ]
      },
      "id": "way/228604131"
    },
    {
      "type": "Feature",
      "properties": {
        "@id": "way/255909841",
        "electrified": "rail",
        "frequency": "0",
        "gauge": "1435",
        "layer": "-3",
        "maxspeed": "80",
        "name": "U2/U3",
        "operator": "VAG Verkehrs-Aktiengesellschaft Nürnberg",
        "railway": "subway",
        "railway:lzb": "yes",
        "source": "extrapolation",
        "tunnel": "yes",
        "voltage": "750"
      },
      "geometry": {
        "type": "LineString",
        "coordinates": [
          [
            11.0837984,
            49.4473519
          ],
          [
            11.0841462,
            49.4474475
          ],
          [
            11.0856773,
            49.4479862
          ],
          [
            11.0860598,
            49.4481549
          ],
          [
            11.0863611,
            49.4484048
          ],
          [
            11.0866083,
            49.4488153
          ],
          [
            11.086715,
            49.4493597
          ],
          [
            11.0866601,
            49.4497293
          ],
          [
            11.0865976,
            49.4503671
          ],
          [
            11.086623,
            49.4508332
          ],
          [
            11.0866821,
            49.4513573
          ],
          [
            11.0867165,
            49.4516499
          ]
        ]
      },
      "id": "way/255909841"
    },
    {
      "type": "Feature",
      "properties": {
        "@id": "way/255909842",
        "electrified": "rail",
        "frequency": "0",
        "gauge": "1435",
        "layer": "-2",
        "level": "-2",
        "maxspeed": "80",
        "name": "U2/U3",
        "operator": "VAG Verkehrs-Aktiengesellschaft Nürnberg",
        "railway": "subway",
        "railway:lzb": "yes",
        "source": "extrapolation",
        "tunnel": "yes",
        "voltage": "750"
      },
      "geometry": {
        "type": "LineString",
        "coordinates": [
          [
            11.0737842,
            49.4470151
          ],
          [
            11.0735906,
            49.4470293
          ],
          [
            11.0725994,
            49.4470875
          ],
          [
            11.0715951,
            49.4471466
          ],
          [
            11.0704874,
            49.4472231
          ],
          [
            11.0699335,
            49.4472615
          ],
          [
            11.0693796,
            49.4473077
          ],
          [
            11.0692522,
            49.4473208
          ],
          [
            11.0691072,
            49.4473405
          ],
          [
            11.068984,
            49.4473618
          ],
          [
            11.0688526,
            49.4473818
          ],
          [
            11.068693,
            49.4474097
          ],
          [
            11.0685487,
            49.4474395
          ],
          [
            11.0683403,
            49.4474917
          ],
          [
            11.0681292,
            49.4475494
          ],
          [
            11.0672717,
            49.4478024
          ],
          [
            11.0664438,
            49.4480175
          ]
        ]
      },
      "id": "way/255909842"
    },
    {
      "type": "Feature",
      "properties": {
        "@id": "way/255909843",
        "electrified": "rail",
        "frequency": "0",
        "gauge": "1435",
        "layer": "-3",
        "level": "-3",
        "maxspeed": "60",
        "name": "U2/U3",
        "operator": "VAG Verkehrs-Aktiengesellschaft Nürnberg",
        "railway": "subway",
        "railway:lzb": "yes",
        "source": "extrapolation",
        "source:maxspeed": "'Geschwindigkeitssignal' für 60 km/h nordöstlich des Bahnsteigbeginns",
        "tunnel": "yes",
        "voltage": "750"
      },
      "geometry": {
        "type": "LineString",
        "coordinates": [
          [
            11.0833042,
            49.4473242
          ],
          [
            11.0827548,
            49.4472067
          ],
          [
            11.0827381,
            49.447203
          ],
          [
            11.0821716,
            49.4470777
          ],
          [
            11.0819514,
            49.447029
          ],
          [
            11.0815586,
            49.446942
          ]
        ]
      },
      "id": "way/255909843"
    },
    {
      "type": "Feature",
      "properties": {
        "@id": "way/255909844",
        "electrified": "rail",
        "frequency": "0",
        "gauge": "1435",
        "layer": "-3",
        "level": "-3",
        "maxspeed": "60",
        "name": "U2/U3",
        "operator": "VAG Verkehrs-Aktiengesellschaft Nürnberg",
        "railway": "subway",
        "railway:lzb": "yes",
        "source": "extrapolation",
        "tunnel": "yes",
        "voltage": "750"
      },
      "geometry": {
        "type": "LineString",
        "coordinates": [
          [
            11.0811045,
            49.4466651
          ],
          [
            11.0814454,
            49.4467268
          ],
          [
            11.0816475,
            49.4467722
          ],
          [
            11.0816558,
            49.446774
          ],
          [
            11.0818324,
            49.4468133
          ],
          [
            11.082009,
            49.446857
          ],
          [
            11.082107,
            49.4468834
          ],
          [
            11.0821748,
            49.4469017
          ],
          [
            11.0822518,
            49.446924
          ],
          [
            11.0823269,
            49.4469458
          ],
          [
            11.0824629,
            49.4469876
          ],
          [
            11.0825801,
            49.4470255
          ],
          [
            11.0826758,
            49.4470578
          ],
          [
            11.0827475,
            49.4470829
          ],
          [
            11.0827924,
            49.4470992
          ],
          [
            11.0828079,
            49.447105
          ]
        ]
      },
      "id": "way/255909844"
    },
    {
      "type": "Feature",
      "properties": {
        "@id": "way/308438579",
        "electrified": "rail",
        "frequency": "0",
        "gauge": "1435",
        "layer": "-2",
        "level": "-2",
        "maxspeed": "80",
        "name": "U3",
        "operator": "VAG Verkehrs-Aktiengesellschaft Nürnberg",
        "railway": "subway",
        "railway:lzb": "yes",
        "start_date": "2020-10-15",
        "tunnel": "yes",
        "voltage": "750"
      },
      "geometry": {
        "type": "LineString",
        "coordinates": [
          [
            11.0243078,
            49.4392484
          ],
          [
            11.0249319,
            49.4392617
          ],
          [
            11.0254141,
            49.439272
          ],
          [
            11.0258307,
            49.4392464
          ],
          [
            11.0268255,
            49.4391951
          ],
          [
            11.0281874,
            49.4390165
          ],
          [
            11.0300262,
            49.438627
          ],
          [
            11.030896,
            49.4384633
          ],
          [
            11.0317238,
            49.438374
          ],
          [
            11.0325135,
            49.4383591
          ],
          [
            11.0334329,
            49.4384211
          ],
          [
            11.0342149,
            49.4385451
          ],
          [
            11.0350363,
            49.4387527
          ]
        ]
      },
      "id": "way/308438579"
    },
    {
      "type": "Feature",
      "properties": {
        "@id": "way/308438584",
        "electrified": "rail",
        "frequency": "0",
        "gauge": "1435",
        "layer": "-2",
        "level": "-2",
        "maxspeed": "80",
        "name": "U3",
        "operator": "VAG Verkehrs-Aktiengesellschaft Nürnberg",
        "railway": "subway",
        "railway:lzb": "yes",
        "start_date": "2020-10-15",
        "tunnel": "yes",
        "voltage": "750"
      },
      "geometry": {
        "type": "LineString",
        "coordinates": [
          [
            11.0349745,
            49.4388256
          ],
          [
            11.0341577,
            49.4386344
          ],
          [
            11.0334062,
            49.4385253
          ],
          [
            11.032502,
            49.4384757
          ],
          [
            11.031762,
            49.4384906
          ],
          [
            11.0309151,
            49.4385898
          ],
          [
            11.0282256,
            49.4391157
          ],
          [
            11.0268637,
            49.4392868
          ],
          [
            11.0254114,
            49.4393651
          ],
          [
            11.0249223,
            49.4393569
          ],
          [
            11.0243032,
            49.4393465
          ]
        ]
      },
      "id": "way/308438584"
    },
    {
      "type": "Feature",
      "properties": {
        "@id": "way/433854030",
        "bench": "yes",
        "bin": "yes",
        "description": "Lorenzkirche U Bahn Gleis 4",
        "height": "1.00",
        "level": "-3",
        "lit": "yes",
        "name": "Plärrer",
        "note": "There are two platforms vertically aligned, but on different levels. Please don't merge their nodes, or else you'll damage routing functionality.",
        "public_transport": "platform",
        "railway": "platform",
        "ref": "4",
        "ref:IFOPT": "de:09564:704:9:4",
        "subway": "yes",
        "tactile_paving": "yes"
      },
      "geometry": {
        "type": "LineString",
        "coordinates": [
          [
            11.0656163,
            49.4482173
          ],
          [
            11.0656163,
            49.4482124
          ],
          [
            11.0655798,
            49.4482155
          ],
          [
            11.0655433,
            49.448219
          ],
          [
            11.0654771,
            49.4482255
          ],
          [
            11.0653724,
            49.4482359
          ],
          [
            11.0650994,
            49.4482624
          ],
          [
            11.0650914,
            49.4482631
          ],
          [
            11.0649419,
            49.4482773
          ],
          [
            11.0649291,
            49.4482785
          ],
          [
            11.0647506,
            49.4482951
          ],
          [
            11.0646201,
            49.4483069
          ],
          [
            11.0645708,
            49.4483113
          ],
          [
            11.0643969,
            49.4483264
          ],
          [
            11.0642358,
            49.4483395
          ],
          [
            11.0642509,
            49.4483836
          ]
        ]
      },
      "id": "way/433854030"
    },
    {
      "type": "Feature",
      "properties": {
        "@id": "way/433859720",
        "electrified": "rail",
        "frequency": "0",
        "gauge": "1435",
        "layer": "-2",
        "level": "-2",
        "maxspeed": "80",
        "name": "U2/U3",
        "operator": "VAG Verkehrs-Aktiengesellschaft Nürnberg",
        "railway": "subway",
        "railway:lzb": "yes",
        "source": "extrapolation",
        "tunnel": "yes",
        "voltage": "750"
      },
      "geometry": {
        "type": "LineString",
        "coordinates": [
          [
            11.0642244,
            49.448325
          ],
          [
            11.0638778,
            49.4483693
          ],
          [
            11.0637044,
            49.4483933
          ],
          [
            11.0634931,
            49.4484268
          ],
          [
            11.0631306,
            49.4485079
          ],
          [
            11.0627707,
            49.44859
          ],
          [
            11.0625206,
            49.4486498
          ],
          [
            11.0622883,
            49.4486961
          ],
          [
            11.0619316,
            49.4487809
          ],
          [
            11.0615657,
            49.4488539
          ],
          [
            11.0612812,
            49.4488891
          ],
          [
            11.0609891,
            49.4489128
          ],
          [
            11.0608205,
            49.4489244
          ],
          [
            11.0606619,
            49.4489291
          ]
        ]
      },
      "id": "way/433859720"
    },
    {
      "type": "Feature",
      "properties": {
        "@id": "way/434361414",
        "bench": "yes",
        "bin": "yes",
        "description": "Lorenzkirche U Bahn Gleis 2",
        "height": "1",
        "level": "-2",
        "platform:width": "4.8",
        "public_transport": "platform",
        "railway": "platform",
        "ref": "2",
        "ref:IFOPT": "de:09564:505:11:1",
        "subway": "yes",
        "tactile_paving": "yes"
      },
      "geometry": {
        "type": "LineString",
        "coordinates": [
          [
            11.0742957,
            49.4469063
          ],
          [
            11.0742934,
            49.4468925
          ],
          [
            11.0743436,
            49.4468885
          ],
          [
            11.0747139,
            49.4468589
          ],
          [
            11.0747289,
            49.4468577
          ],
          [
            11.074882,
            49.4468455
          ],
          [
            11.0751013,
            49.446828
          ],
          [
            11.0754659,
            49.4467989
          ],
          [
            11.0755153,
            49.4467949
          ],
          [
            11.0755179,
            49.4468089
          ]
        ]
      },
      "id": "way/434361414"
    },
    {
      "type": "Feature",
      "properties": {
        "@id": "way/435285024",
        "bench": "yes",
        "bin": "yes",
        "description": "Wöhrder Wiese U-Bahn Gleis 1",
        "height": "1",
        "layer": "-2",
        "level": "-2",
        "lit": "yes",
        "name": "Wöhrder Wiese",
        "public_transport": "platform",
        "railway": "platform_edge",
        "ref": "1",
        "ref:IFOPT": "de:09564:333:11:1",
        "shelter": "yes",
        "subway": "yes",
        "tactile_paving": "yes",
        "width": "6.2"
      },
      "geometry": {
        "type": "LineString",
        "coordinates": [
          [
            11.0866334,
            49.452129
          ],
          [
            11.086705,
            49.4523079
          ],
          [
            11.0867462,
            49.452411
          ],
          [
            11.0867751,
            49.452483
          ],
          [
            11.0869372,
            49.4528881
          ],
          [
            11.0869436,
            49.4529042
          ]
        ]
      },
      "id": "way/435285024"
    },
    {
      "type": "Feature",
      "properties": {
        "@id": "way/435285088",
        "bench": "yes",
        "bin": "yes",
        "description": "Wöhrder Wiese U-Bahn Gleis 2",
        "height": "1",
        "layer": "-2",
        "level": "-2",
        "lit": "yes",
        "name": "Wöhrder Wiese",
        "public_transport": "platform",
        "railway": "platform_edge",
        "ref": "2",
        "ref:IFOPT": "de:09564:333:11:2",
        "shelter": "yes",
        "subway": "yes",
        "tactile_paving": "yes",
        "width": "6.2"
      },
      "geometry": {
        "type": "LineString",
        "coordinates": [
          [
            11.0870722,
            49.4528825
          ],
          [
            11.0870665,
            49.4528674
          ],
          [
            11.0869267,
            49.4524986
          ],
          [
            11.086912,
            49.4524598
          ],
          [
            11.0868846,
            49.4523875
          ],
          [
            11.0868791,
            49.452373
          ],
          [
            11.0868455,
            49.4522842
          ],
          [
            11.0868406,
            49.4522714
          ],
          [
            11.0868109,
            49.4521928
          ],
          [
            11.0867779,
            49.4521058
          ]
        ]
      },
      "id": "way/435285088"
    },
    {
      "type": "Feature",
      "properties": {
        "@id": "way/435429569",
        "bench": "yes",
        "bin": "yes",
        "description": "Rathenauplatz U-Bahn Gleis 2",
        "height": "1",
        "indoor": "yes",
        "level": "-2",
        "lit": "yes",
        "name": "Rathenauplatz",
        "public_transport": "platform",
        "railway": "platform",
        "ref": "2",
        "ref:IFOPT": "de:09564:332:11:1",
        "shelter": "yes",
        "subway": "yes",
        "tactile_paving": "yes"
      },
      "geometry": {
        "type": "LineString",
        "coordinates": [
          [
            11.0895311,
            49.4572179
          ],
          [
            11.0895454,
            49.4572179
          ],
          [
            11.0895453,
            49.4572017
          ],
          [
            11.0895458,
            49.4570803
          ],
          [
            11.0895385,
            49.4564163
          ],
          [
            11.0895383,
            49.456395
          ],
          [
            11.0895248,
            49.456395
          ]
        ]
      },
      "id": "way/435429569"
    },
    {
      "type": "Feature",
      "properties": {
        "@id": "way/438508593",
        "bench": "yes",
        "description": "Rothenburger Straße U-Bahn Gleis 2",
        "level": "-3",
        "name": "Rothenburger Straße",
        "public_transport": "platform",
        "railway": "platform",
        "ref": "2",
        "ref:IFOPT": "de:09564:710:11:2",
        "subway": "yes",
        "tactile_paving": "yes"
      },
      "geometry": {
        "type": "LineString",
        "coordinates": [
          [
            11.055662,
            49.4447501
          ],
          [
            11.0556408,
            49.4447354
          ],
          [
            11.0548846,
            49.4442055
          ],
          [
            11.0548621,
            49.4441897
          ]
        ]
      },
      "id": "way/438508593"
    },
    {
      "type": "Feature",
      "properties": {
        "@id": "way/438508594",
        "bench": "yes",
        "description": "Rothenburger Straße U-Bahn Gleis 1",
        "level": "-3",
        "name": "Rothenburger Straße",
        "public_transport": "platform",
        "railway": "platform",
        "ref": "1",
        "ref:IFOPT": "de:09564:710:11:1",
        "subway": "yes",
        "tactile_paving": "yes"
      },
      "geometry": {
        "type": "LineString",
        "coordinates": [
          [
            11.0555651,
            49.4448031
          ],
          [
            11.0555483,
            49.4447913
          ],
          [
            11.0547905,
            49.4442624
          ],
          [
            11.0547645,
            49.4442442
          ]
        ]
      },
      "id": "way/438508594"
    },
    {
      "type": "Feature",
      "properties": {
        "@id": "way/438538845",
        "electrified": "rail",
        "frequency": "0",
        "gauge": "1435",
        "layer": "-3",
        "level": "-3",
        "maxspeed": "80",
        "name": "U3",
        "operator": "VAG Verkehrs-Aktiengesellschaft Nürnberg",
        "railway": "subway",
        "railway:lzb": "yes",
        "tunnel": "yes",
        "voltage": "750"
      },
      "geometry": {
        "type": "LineString",
        "coordinates": [
          [
            11.051482,
            49.4421102
          ],
          [
            11.051801,
            49.442181
          ],
          [
            11.0519639,
            49.4422219
          ],
          [
            11.0521267,
            49.4422628
          ],
          [
            11.0523965,
            49.4423484
          ],
          [
            11.0526161,
            49.4424449
          ],
          [
            11.0528471,
            49.4425577
          ],
          [
            11.0530877,
            49.4426955
          ],
          [
            11.0533165,
            49.4428542
          ],
          [
            11.053542,
            49.4430182
          ],
          [
            11.0536164,
            49.4430835
          ],
          [
            11.0540126,
            49.4434313
          ],
          [
            11.0543524,
            49.4437317
          ]
        ]
      },
      "id": "way/438538845"
    },
    {
      "type": "Feature",
      "properties": {
        "@id": "way/438538851",
        "electrified": "rail",
        "frequency": "0",
        "gauge": "1435",
        "layer": "-2",
        "level": "-2",
        "maxspeed": "80",
        "name": "U3",
        "operator": "VAG Verkehrs-Aktiengesellschaft Nürnberg",
        "railway": "subway",
        "railway:lzb": "yes",
        "tunnel": "yes",
        "voltage": "750"
      },
      "geometry": {
        "type": "LineString",
        "coordinates": [
          [
            11.051482,
            49.4421102
          ],
          [
            11.0510473,
            49.4420537
          ],
          [
            11.0506094,
            49.4420189
          ],
          [
            11.0502292,
            49.4420084
          ],
          [
            11.0498509,
            49.4420161
          ],
          [
            11.0493602,
            49.4420781
          ],
          [
            11.0489871,
            49.4421444
          ],
          [
            11.0485475,
            49.4422368
          ],
          [
            11.0480727,
            49.4423258
          ],
          [
            11.0476436,
            49.4423885
          ],
          [
            11.0472552,
            49.4424437
          ],
          [
            11.0469328,
            49.442474
          ],
          [
            11.0466062,
            49.4424808
          ],
          [
            11.0459091,
            49.4424437
          ]
        ]
      },
      "id": "way/438538851"
    },
    {
      "type": "Feature",
      "properties": {
        "@id": "way/438538886",
        "electrified": "rail",
        "frequency": "0",
        "gauge": "1435",
        "layer": "-3",
        "level": "-3",
        "maxspeed": "80",
        "name": "U3",
        "operator": "VAG Verkehrs-Aktiengesellschaft Nürnberg",
        "railway": "subway",
        "railway:lzb": "yes",
        "tunnel": "yes",
        "voltage": "750"
      },
      "geometry": {
        "type": "LineString",
        "coordinates": [
          [
            11.0546139,
            49.4441582
          ],
          [
            11.0538764,
            49.4436809
          ],
          [
            11.0535632,
            49.4435099
          ],
          [
            11.0533674,
            49.443414
          ],
          [
            11.0531586,
            49.4433271
          ],
          [
            11.0528042,
            49.4432047
          ],
          [
            11.0524536,
            49.4430873
          ],
          [
            11.0522628,
            49.4430323
          ],
          [
            11.0521229,
            49.442992
          ],
          [
            11.0517858,
            49.4429029
          ],
          [
            11.0515489,
            49.442849
          ],
          [
            11.0514274,
            49.4428248
          ],
          [
            11.0513059,
            49.4428006
          ]
        ]
      },
      "id": "way/438538886"
    },
    {
      "type": "Feature",
      "properties": {
        "@id": "way/438538887",
        "electrified": "rail",
        "frequency": "0",
        "gauge": "1435",
        "layer": "-2",
        "level": "-2",
        "maxspeed": "80",
        "name": "U3",
        "operator": "VAG Verkehrs-Aktiengesellschaft Nürnberg",
        "railway": "subway",
        "railway:lzb": "yes",
        "tunnel": "yes",
        "voltage": "750"
      },
      "geometry": {
        "type": "LineString",
        "coordinates": [
          [
            11.0513059,
            49.4428006
          ],
          [
            11.0508327,
            49.4427304
          ],
          [
            11.0503368,
            49.4426666
          ],
          [
            11.049835,
            49.442617
          ],
          [
            11.0492729,
            49.442597
          ],
          [
            11.0484644,
            49.4426083
          ],
          [
            11.0477989,
            49.4426462
          ],
          [
            11.047319,
            49.4426641
          ],
          [
            11.0468562,
            49.4426462
          ],
          [
            11.0460581,
            49.4425891
          ]
        ]
      },
      "id": "way/438538887"
    },
    {
      "type": "Feature",
      "properties": {
        "@id": "way/438952274",
        "bench": "yes",
        "description": "Sündersbühl U-Bahn Gleis 2",
        "height": "1",
        "layer": "-1",
        "level": "-1",
        "name": "Sündersbühl",
        "public_transport": "platform",
        "railway": "platform",
        "ref": "2",
        "ref:IFOPT": "de:09564:1120:11:2",
        "subway": "yes",
        "tactile_paving": "yes",
        "width": "4.9"
      },
      "geometry": {
        "type": "LineString",
        "coordinates": [
          [
            11.044133,
            49.4420147
          ],
          [
            11.0441399,
            49.442007
          ],
          [
            11.0441206,
            49.4419996
          ],
          [
            11.0439752,
            49.4419442
          ],
          [
            11.0430793,
            49.4416025
          ],
          [
            11.0430559,
            49.4415936
          ],
          [
            11.0430492,
            49.4416012
          ]
        ]
      },
      "id": "way/438952274"
    },
    {
      "type": "Feature",
      "properties": {
        "@id": "way/438952275",
        "bench": "yes",
        "description": "Sündersbühl U-Bahn Gleis 1",
        "height": "1",
        "layer": "-1",
        "level": "-1",
        "name": "Sündersbühl",
        "public_transport": "platform",
        "railway": "platform",
        "ref": "1",
        "ref:IFOPT": "de:09564:1120:11:1",
        "subway": "yes",
        "tactile_paving": "yes",
        "width": "4.9"
      },
      "geometry": {
        "type": "LineString",
        "coordinates": [
          [
            11.0441013,
            49.4420498
          ],
          [
            11.0440945,
            49.4420574
          ],
          [
            11.0440753,
            49.4420502
          ],
          [
            11.0439299,
            49.4419951
          ],
          [
            11.0430319,
            49.441655
          ],
          [
            11.0430092,
            49.4416463
          ],
          [
            11.0430159,
            49.4416388
          ]
        ]
      },
      "id": "way/438952275"
    },
    {
      "type": "Feature",
      "properties": {
        "@id": "way/438967664",
        "bench": "yes",
        "bin": "yes",
        "description": "Gustav-Adolf-Straße U-Bahn Gleis 1",
        "height": "1",
        "level": "-2",
        "name": "Gustav-Adolf-Straße",
        "public_transport": "platform",
        "railway": "platform",
        "ref": "1",
        "ref:IFOPT": "de:09564:654:11:1",
        "subway": "yes",
        "tactile_paving": "yes"
      },
      "geometry": {
        "type": "LineString",
        "coordinates": [
          [
            11.0368462,
            49.4393054
          ],
          [
            11.0368397,
            49.4393133
          ],
          [
            11.0367966,
            49.4393008
          ],
          [
            11.0367485,
            49.4392869
          ],
          [
            11.0366876,
            49.4392696
          ],
          [
            11.0366179,
            49.4392501
          ],
          [
            11.0365431,
            49.4392296
          ],
          [
            11.036467,
            49.4392093
          ],
          [
            11.0363934,
            49.4391905
          ],
          [
            11.0363261,
            49.4391743
          ],
          [
            11.0362689,
            49.4391621
          ],
          [
            11.0362116,
            49.4391498
          ],
          [
            11.0361442,
            49.4391336
          ],
          [
            11.0360704,
            49.4391147
          ],
          [
            11.0359941,
            49.4390944
          ],
          [
            11.0359191,
            49.4390738
          ],
          [
            11.0358491,
            49.4390543
          ],
          [
            11.035788,
            49.4390369
          ],
          [
            11.0357397,
            49.439023
          ],
          [
            11.0357007,
            49.4390121
          ],
          [
            11.0357064,
            49.4390042
          ]
        ]
      },
      "id": "way/438967664"
    },
    {
      "type": "Feature",
      "properties": {
        "@id": "way/438967666",
        "bench": "yes",
        "bin": "yes",
        "description": "Gustav-Adolf-Straße U-Bahn Gleis 2",
        "height": "1",
        "level": "-2",
        "name": "Gustav-Adolf-Straße",
        "public_transport": "platform",
        "railway": "platform",
        "ref": "2",
        "ref:IFOPT": "de:09564:654:11:2",
        "subway": "yes",
        "tactile_paving": "yes"
      },
      "geometry": {
        "type": "LineString",
        "coordinates": [
          [
            11.0368725,
            49.4392736
          ],
          [
            11.0368788,
            49.4392661
          ],
          [
            11.0368357,
            49.4392535
          ],
          [
            11.0367875,
            49.4392396
          ],
          [
            11.0367267,
            49.4392224
          ],
          [
            11.036657,
            49.4392028
          ],
          [
            11.0365822,
            49.4391823
          ],
          [
            11.0365061,
            49.4391621
          ],
          [
            11.0364325,
            49.4391432
          ],
          [
            11.0363652,
            49.4391271
          ],
          [
            11.036308,
            49.4391148
          ],
          [
            11.0362507,
            49.4391026
          ],
          [
            11.0361833,
            49.4390864
          ],
          [
            11.0361095,
            49.4390675
          ],
          [
            11.0360332,
            49.4390472
          ],
          [
            11.0359582,
            49.4390266
          ],
          [
            11.0358882,
            49.439007
          ],
          [
            11.0358818,
            49.4390052
          ],
          [
            11.0358271,
            49.4389897
          ],
          [
            11.0357788,
            49.4389758
          ],
          [
            11.0357742,
            49.4389744
          ],
          [
            11.0357356,
            49.4389632
          ],
          [
            11.0357297,
            49.4389714
          ]
        ]
      },
      "id": "way/438967666"
    },
    {
      "type": "Feature",
      "properties": {
        "@id": "way/438967667",
        "electrified": "rail",
        "frequency": "0",
        "gauge": "1435",
        "layer": "-2",
        "level": "-2",
        "maxspeed": "80",
        "name": "U3",
        "operator": "VAG Verkehrs-Aktiengesellschaft Nürnberg",
        "railway": "subway",
        "railway:lzb": "yes",
        "tunnel": "yes",
        "voltage": "750"
      },
      "geometry": {
        "type": "LineString",
        "coordinates": [
          [
            11.0350363,
            49.4387527
          ],
          [
            11.035747,
            49.4389492
          ],
          [
            11.0357902,
            49.4389618
          ],
          [
            11.0358386,
            49.4389757
          ],
          [
            11.0358996,
            49.4389931
          ],
          [
            11.0359696,
            49.4390127
          ],
          [
            11.0360446,
            49.4390332
          ],
          [
            11.036121,
            49.4390536
          ],
          [
            11.0361947,
            49.4390724
          ],
          [
            11.0362622,
            49.4390886
          ],
          [
            11.0363194,
            49.4391009
          ],
          [
            11.0363766,
            49.4391132
          ],
          [
            11.0364439,
            49.4391293
          ],
          [
            11.0365175,
            49.4391481
          ],
          [
            11.0365936,
            49.4391684
          ],
          [
            11.0366684,
            49.4391889
          ],
          [
            11.0366885,
            49.4391945
          ],
          [
            11.0367381,
            49.4392084
          ],
          [
            11.036799,
            49.4392257
          ],
          [
            11.0368471,
            49.4392396
          ],
          [
            11.0368902,
            49.4392521
          ],
          [
            11.0373064,
            49.439405
          ],
          [
            11.0380288,
            49.4396731
          ],
          [
            11.0397881,
            49.4403371
          ]
        ]
      },
      "id": "way/438967667"
    },
    {
      "type": "Feature",
      "properties": {
        "@id": "way/438967686",
        "electrified": "rail",
        "frequency": "0",
        "gauge": "1435",
        "layer": "-2",
        "level": "-2",
        "maxspeed": "80",
        "name": "U3",
        "operator": "VAG Verkehrs-Aktiengesellschaft Nürnberg",
        "railway": "subway",
        "railway:lzb": "yes",
        "tunnel": "yes",
        "voltage": "750"
      },
      "geometry": {
        "type": "LineString",
        "coordinates": [
          [
            11.0394688,
            49.4402504
          ],
          [
            11.0384872,
            49.4398763
          ],
          [
            11.0380221,
            49.4397177
          ],
          [
            11.0368279,
            49.4393277
          ],
          [
            11.0367849,
            49.4393151
          ],
          [
            11.0367367,
            49.4393013
          ],
          [
            11.0366759,
            49.439284
          ],
          [
            11.0366062,
            49.4392645
          ],
          [
            11.0365314,
            49.439244
          ],
          [
            11.0364553,
            49.4392237
          ],
          [
            11.0363817,
            49.4392049
          ],
          [
            11.0363144,
            49.4391887
          ],
          [
            11.0362571,
            49.4391764
          ],
          [
            11.0361999,
            49.4391642
          ],
          [
            11.0361325,
            49.439148
          ],
          [
            11.0360587,
            49.4391291
          ],
          [
            11.0359824,
            49.4391088
          ],
          [
            11.0359073,
            49.4390882
          ],
          [
            11.0358374,
            49.4390686
          ],
          [
            11.0357763,
            49.4390513
          ],
          [
            11.035728,
            49.4390374
          ],
          [
            11.0356847,
            49.4390248
          ],
          [
            11.0349745,
            49.4388256
          ]
        ]
      },
      "id": "way/438967686"
    },
    {
      "type": "Feature",
      "properties": {
        "@id": "way/438982637",
        "bench": "yes",
        "bin": "yes",
        "departures_board": "yes",
        "description": "Maxfeld U-Bahnstation Gleis 1",
        "height": "1",
        "layer": "-1",
        "level": "-1",
        "name": "Maxfeld",
        "public_transport": "platform",
        "railway": "platform",
        "ref": "1",
        "ref:IFOPT": "de:09564:331:11:1",
        "subway": "yes",
        "tactile_paving": "yes",
        "wheelchair": "yes"
      },
      "geometry": {
        "type": "LineString",
        "coordinates": [
          [
            11.0843308,
            49.4633012
          ],
          [
            11.0843597,
            49.4633009
          ],
          [
            11.0852398,
            49.4632917
          ],
          [
            11.0855382,
            49.4632886
          ],
          [
            11.0855613,
            49.4632884
          ]
        ]
      },
      "id": "way/438982637"
    },
    {
      "type": "Feature",
      "properties": {
        "@id": "way/438982666",
        "bench": "yes",
        "bin": "yes",
        "departures_board": "yes",
        "description": "Maxfeld U-Bahnstation Gleis 2",
        "height": "1",
        "layer": "-1",
        "level": "-1",
        "name": "Maxfeld",
        "operator": "VAG",
        "public_transport": "platform",
        "railway": "platform",
        "ref": "2",
        "ref:IFOPT": "de:09564:331:11:2",
        "subway": "yes",
        "surface": "paving_stones",
        "tactile_paving": "yes",
        "wheelchair": "yes"
      },
      "geometry": {
        "type": "LineString",
        "coordinates": [
          [
            11.0855621,
            49.4633471
          ],
          [
            11.0855397,
            49.4633473
          ],
          [
            11.0852413,
            49.4633505
          ],
          [
            11.0843612,
            49.46336
          ],
          [
            11.0843318,
            49.4633603
          ]
        ]
      },
      "id": "way/438982666"
    },
    {
      "type": "Feature",
      "properties": {
        "@id": "way/438995350",
        "bench": "yes",
        "bin": "yes",
        "departures_board": "yes",
        "description": "Kaulbachplatz U-Bahn Gleis 1",
        "height": "1",
        "indoor": "yes",
        "layer": "-1",
        "level": "-1",
        "lit": "yes",
        "name": "Kaulbachplatz",
        "public_transport": "platform",
        "railway": "platform",
        "ref": "1",
        "ref:IFOPT": "de:09564:250:11:1",
        "subway": "yes",
        "surface": "paving_stones",
        "tactile_paving": "yes"
      },
      "geometry": {
        "type": "LineString",
        "coordinates": [
          [
            11.0793089,
            49.4633291
          ],
          [
            11.0793096,
            49.4633202
          ],
          [
            11.0792744,
            49.4633188
          ],
          [
            11.0789955,
            49.4633074
          ],
          [
            11.0787386,
            49.4632975
          ],
          [
            11.0785333,
            49.4632901
          ],
          [
            11.0783738,
            49.4632848
          ],
          [
            11.0782669,
            49.4632816
          ],
          [
            11.0782545,
            49.4632813
          ],
          [
            11.0781697,
            49.4632792
          ],
          [
            11.0781136,
            49.4632782
          ],
          [
            11.0780857,
            49.4632781
          ],
          [
            11.0780611,
            49.4632781
          ],
          [
            11.0780611,
            49.4632871
          ]
        ]
      },
      "id": "way/438995350"
    },
    {
      "type": "Feature",
      "properties": {
        "@id": "way/438995351",
        "bench": "yes",
        "bin": "yes",
        "departures_board": "yes",
        "description": "Kaulbachplatz U-Bahn Gleis 2",
        "height": "1",
        "indoor": "yes",
        "layer": "-1",
        "level": "-1",
        "lit": "yes",
        "name": "Kaulbachplatz",
        "operator": "VAG",
        "public_transport": "platform",
        "railway": "platform",
        "ref": "2",
        "ref:IFOPT": "de:09564:250:11:2",
        "subway": "yes",
        "tactile_paving": "yes"
      },
      "geometry": {
        "type": "LineString",
        "coordinates": [
          [
            11.0793059,
            49.4633666
          ],
          [
            11.0793052,
            49.4633759
          ],
          [
            11.079269,
            49.4633745
          ],
          [
            11.0787479,
            49.4633555
          ],
          [
            11.0785449,
            49.4633488
          ],
          [
            11.0783857,
            49.4633438
          ],
          [
            11.078265,
            49.4633405
          ],
          [
            11.0781778,
            49.4633385
          ],
          [
            11.0781189,
            49.4633374
          ],
          [
            11.0780853,
            49.4633372
          ],
          [
            11.0780607,
            49.463337
          ],
          [
            11.0780607,
            49.4633281
          ]
        ]
      },
      "id": "way/438995351"
    },
    {
      "type": "Feature",
      "properties": {
        "@id": "way/439006027",
        "bench": "yes",
        "bin": "yes",
        "description": "Friedlich-Ebert-Platz U-Bahn Gleis 1",
        "height": "1",
        "layer": "-1",
        "level": "-2",
        "name": "Friedrich-Ebert-Platz",
        "public_transport": "platform",
        "railway": "platform",
        "ref": "1",
        "ref:IFOPT": "de:09564:232:11:1",
        "subway": "yes",
        "tactile_paving": "yes",
        "width": "9.1"
      },
      "geometry": {
        "type": "LineString",
        "coordinates": [
          [
            11.071963,
            49.4624051
          ],
          [
            11.071951,
            49.4623531
          ],
          [
            11.07176,
            49.4623698
          ],
          [
            11.0715751,
            49.4623883
          ],
          [
            11.0715645,
            49.4623895
          ],
          [
            11.0713998,
            49.4624076
          ],
          [
            11.0713948,
            49.4624082
          ],
          [
            11.0712372,
            49.462427
          ],
          [
            11.0710906,
            49.4624456
          ],
          [
            11.0709921,
            49.4624588
          ],
          [
            11.0709633,
            49.4624626
          ],
          [
            11.0708586,
            49.4624773
          ],
          [
            11.0707797,
            49.4624888
          ],
          [
            11.070765,
            49.462491
          ],
          [
            11.0707127,
            49.4624989
          ],
          [
            11.0707224,
            49.4625237
          ],
          [
            11.0707302,
            49.4625437
          ]
        ]
      },
      "id": "way/439006027"
    },
    {
      "type": "Feature",
      "properties": {
        "@id": "way/439021492",
        "bench": "yes",
        "bin": "yes",
        "description": "Friedlich-Ebert-Platz U-Bahn Gleis 2",
        "height": "1",
        "layer": "-1",
        "level": "-2",
        "name": "Friedrich-Ebert-Platz",
        "public_transport": "platform",
        "railway": "platform",
        "ref": "2",
        "ref:IFOPT": "de:09564:232:11:2",
        "subway": "yes",
        "tactile_paving": "yes",
        "width": "9.1"
      },
      "geometry": {
        "type": "LineString",
        "coordinates": [
          [
            11.0707302,
            49.4625437
          ],
          [
            11.070738,
            49.4625637
          ],
          [
            11.0707476,
            49.4625884
          ],
          [
            11.0708045,
            49.4625806
          ],
          [
            11.0708735,
            49.4625716
          ],
          [
            11.0709675,
            49.4625598
          ],
          [
            11.0710202,
            49.4625536
          ],
          [
            11.0710851,
            49.4625458
          ],
          [
            11.0712248,
            49.46253
          ],
          [
            11.0713851,
            49.4625128
          ],
          [
            11.0714167,
            49.4625097
          ],
          [
            11.0715646,
            49.4624949
          ],
          [
            11.0715872,
            49.4624928
          ],
          [
            11.0717619,
            49.4624765
          ],
          [
            11.0719754,
            49.4624583
          ],
          [
            11.071963,
            49.4624051
          ]
        ]
      },
      "id": "way/439021492"
    },
    {
      "type": "Feature",
      "properties": {
        "@id": "way/439021517",
        "electrified": "rail",
        "frequency": "0",
        "gauge": "1435",
        "layer": "-2",
        "level": "-2",
        "maxspeed": "80",
        "name": "U3",
        "operator": "VAG Verkehrs-Aktiengesellschaft Nürnberg",
        "railway": "subway",
        "railway:lzb": "yes",
        "source": "extrapolation",
        "tunnel": "yes",
        "voltage": "750"
      },
      "geometry": {
        "type": "LineString",
        "coordinates": [
          [
            11.0712324,
            49.4624111
          ],
          [
            11.0713903,
            49.4623923
          ],
          [
            11.071571,
            49.4623724
          ],
          [
            11.0717562,
            49.4623539
          ],
          [
            11.0719477,
            49.4623371
          ],
          [
            11.072209,
            49.4623132
          ],
          [
            11.0725094,
            49.4623045
          ],
          [
            11.0728737,
            49.4623183
          ],
          [
            11.0734758,
            49.4623779
          ],
          [
            11.0740559,
            49.4624477
          ],
          [
            11.07429,
            49.4624781
          ],
          [
            11.074534,
            49.4625118
          ],
          [
            11.0747607,
            49.46254
          ],
          [
            11.0749826,
            49.4625788
          ],
          [
            11.0752113,
            49.4626333
          ],
          [
            11.0754219,
            49.4626966
          ]
        ]
      },
      "id": "way/439021517"
    },
    {
      "type": "Feature",
      "properties": {
        "@id": "way/439021518",
        "electrified": "rail",
        "frequency": "0",
        "gauge": "1435",
        "layer": "-2",
        "level": "-2",
        "maxspeed": "80",
        "name": "U3",
        "operator": "VAG Verkehrs-Aktiengesellschaft Nürnberg",
        "railway": "subway",
        "railway:lzb": "yes",
        "source": "extrapolation",
        "tunnel": "yes",
        "voltage": "750"
      },
      "geometry": {
        "type": "LineString",
        "coordinates": [
          [
            11.0753897,
            49.4627558
          ],
          [
            11.075167,
            49.4626917
          ],
          [
            11.0749276,
            49.4626361
          ],
          [
            11.0747137,
            49.4626045
          ],
          [
            11.0745019,
            49.4625815
          ],
          [
            11.0742765,
            49.46256
          ],
          [
            11.0740418,
            49.4625413
          ],
          [
            11.0735108,
            49.462493
          ],
          [
            11.0729864,
            49.4624595
          ],
          [
            11.0727374,
            49.4624527
          ],
          [
            11.0724879,
            49.4624527
          ],
          [
            11.0722358,
            49.4624631
          ],
          [
            11.0719785,
            49.4624739
          ],
          [
            11.0717653,
            49.4624921
          ],
          [
            11.0715683,
            49.4625104
          ],
          [
            11.071389,
            49.4625284
          ],
          [
            11.0712289,
            49.4625455
          ]
        ]
      },
      "id": "way/439021518"
    },
    {
      "type": "Feature",
      "properties": {
        "@id": "way/495267334",
        "electrified": "rail",
        "frequency": "0",
        "gauge": "1435",
        "layer": "-2",
        "level": "-2",
        "maxspeed": "80",
        "name": "U3",
        "operator": "VAG Verkehrs-Aktiengesellschaft Nürnberg",
        "railway": "subway",
        "railway:lzb": "yes",
        "source": "extrapolation",
        "tunnel": "yes",
        "voltage": "750"
      },
      "geometry": {
        "type": "LineString",
        "coordinates": [
          [
            11.0712289,
            49.4625455
          ],
          [
            11.0710894,
            49.4625613
          ],
          [
            11.0709721,
            49.4625753
          ],
          [
            11.0708783,
            49.462587
          ],
          [
            11.0708095,
            49.462596
          ],
          [
            11.0707526,
            49.4626037
          ],
          [
            11.0703771,
            49.4626758
          ],
          [
            11.0698889,
            49.4627891
          ],
          [
            11.0697986,
            49.4628111
          ],
          [
            11.0693678,
            49.4629162
          ],
          [
            11.0687617,
            49.463069
          ],
          [
            11.0683704,
            49.4631676
          ],
          [
            11.0671579,
            49.463573
          ],
          [
            11.0665962,
            49.4637608
          ],
          [
            11.0660934,
            49.4638693
          ],
          [
            11.0653896,
            49.463945
          ],
          [
            11.0650278,
            49.4639788
          ],
          [
            11.0645949,
            49.4640193
          ],
          [
            11.0638995,
            49.4640792
          ],
          [
            11.0638437,
            49.464084
          ],
          [
            11.0635022,
            49.4641134
          ],
          [
            11.0608149,
            49.4644389
          ],
          [
            11.0602962,
            49.4645381
          ],
          [
            11.0585209,
            49.4649353
          ],
          [
            11.0571401,
            49.4652443
          ],
          [
            11.0560238,
            49.4654941
          ],
          [
            11.0556482,
            49.4655782
          ],
          [
            11.055506,
            49.46561
          ],
          [
            11.0549517,
            49.4657485
          ]
        ]
      },
      "id": "way/495267334"
    },
    {
      "type": "Feature",
      "properties": {
        "@id": "way/610236870",
        "bench": "yes",
        "bin": "yes",
        "description": "Nordwestring U-Bahn Gleis 1 U3",
        "height": "1",
        "level": "-1",
        "name": "Nordwestring",
        "public_transport": "platform",
        "railway": "platform",
        "ref": "1",
        "ref:IFOPT": "de:09564:275:11:1",
        "subway": "yes",
        "tactile_paving": "yes",
        "wheelchair": "yes"
      },
      "geometry": {
        "type": "LineString",
        "coordinates": [
          [
            11.0556208,
            49.4655279
          ],
          [
            11.0556186,
            49.4655238
          ],
          [
            11.0556034,
            49.4655273
          ],
          [
            11.0553933,
            49.4655767
          ],
          [
            11.0549172,
            49.4656912
          ],
          [
            11.0545524,
            49.4657789
          ],
          [
            11.0543523,
            49.4658275
          ],
          [
            11.0543349,
            49.4658317
          ],
          [
            11.0543386,
            49.4658382
          ]
        ]
      },
      "id": "way/610236870"
    },
    {
      "type": "Feature",
      "properties": {
        "@id": "way/610236873",
        "bench": "yes",
        "bin": "yes",
        "description": "Nordwestring U-Bahn Gleis 2 U3",
        "height": "1",
        "level": "-1",
        "name": "Nordwestring",
        "public_transport": "platform",
        "railway": "platform",
        "ref": "2",
        "ref:IFOPT": "de:09564:275:11:2",
        "subway": "yes",
        "tactile_paving": "yes",
        "wheelchair": "yes"
      },
      "geometry": {
        "type": "LineString",
        "coordinates": [
          [
            11.0556428,
            49.4655699
          ],
          [
            11.0556456,
            49.4655749
          ],
          [
            11.0556315,
            49.4655782
          ],
          [
            11.0554212,
            49.4656282
          ],
          [
            11.0549479,
            49.4657432
          ],
          [
            11.0545818,
            49.4658312
          ],
          [
            11.0543805,
            49.4658801
          ],
          [
            11.0543665,
            49.4658835
          ],
          [
            11.0543647,
            49.4658804
          ]
        ]
      },
      "id": "way/610236873"
    },
    {
      "type": "Feature",
      "properties": {
        "@id": "way/861080863",
        "bench": "yes",
        "bin": "yes",
        "description": "Grossreuth bei Schweinau Gleis 1",
        "level": "-1",
        "public_transport": "platform",
        "railway": "platform",
        "ref": "1",
        "subway": "yes",
        "tactile_paving": "yes"
      },
      "geometry": {
        "type": "LineString",
        "coordinates": [
          [
            11.0235234,
            49.4393179
          ],
          [
            11.023594,
            49.4393192
          ],
          [
            11.0239186,
            49.4393251
          ],
          [
            11.0248237,
            49.4393415
          ],
          [
            11.024923,
            49.4393433
          ]
        ]
      },
      "id": "way/861080863"
    },
    {
      "type": "Feature",
      "properties": {
        "@id": "way/861080864",
        "bench": "yes",
        "bin": "yes",
        "description": "Grossreuth bei Schweinau Gleis 2",
        "level": "-1",
        "public_transport": "platform",
        "railway": "platform",
        "ref": "2",
        "subway": "yes",
        "tactile_paving": "yes"
      },
      "geometry": {
        "type": "LineString",
        "coordinates": [
          [
            11.0235265,
            49.4392453
          ],
          [
            11.0235965,
            49.4392466
          ],
          [
            11.0239213,
            49.4392525
          ],
          [
            11.0248275,
            49.439269
          ],
          [
            11.0249261,
            49.4392707
          ]
        ]
      },
      "id": "way/861080864"
    },
    {
      "type": "Feature",
      "properties": {
        "@id": "way/1236316956",
        "electrified": "rail",
        "frequency": "0",
        "gauge": "1435",
        "layer": "-2",
        "level": "-2",
        "maxspeed": "80",
        "name": "U2/U3",
        "operator": "VAG Verkehrs-Aktiengesellschaft Nürnberg",
        "railway": "subway",
        "railway:lzb": "yes",
        "tunnel": "yes",
        "voltage": "750"
      },
      "geometry": {
        "type": "LineString",
        "coordinates": [
          [
            11.0895334,
            49.4585793
          ],
          [
            11.0895123,
            49.458487
          ],
          [
            11.0894655,
            49.4582822
          ],
          [
            11.089441,
            49.4580719
          ],
          [
            11.0894145,
            49.4575339
          ],
          [
            11.0894137,
            49.4574807
          ]
        ]
      },
      "id": "way/1236316956"
    },
    {
      "type": "Feature",
      "properties": {
        "@id": "way/1236316957",
        "electrified": "rail",
        "frequency": "0",
        "gauge": "1435",
        "layer": "-2",
        "level": "-2",
        "maxspeed": "60",
        "name": "U2/U3",
        "operator": "VAG Verkehrs-Aktiengesellschaft Nürnberg",
        "railway": "subway",
        "railway:lzb": "yes",
        "tunnel": "yes",
        "voltage": "750"
      },
      "geometry": {
        "type": "LineString",
        "coordinates": [
          [
            11.0894137,
            49.4574807
          ],
          [
            11.0894098,
            49.457218
          ],
          [
            11.0894045,
            49.4568557
          ],
          [
            11.0894004,
            49.4563954
          ]
        ]
      },
      "id": "way/1236316957"
    },
    {
      "type": "Feature",
      "properties": {
        "@id": "way/1236316958",
        "electrified": "rail",
        "frequency": "0",
        "gauge": "1435",
        "layer": "-3",
        "level": "-3",
        "maxspeed": "80",
        "name": "U2/U3",
        "operator": "VAG Verkehrs-Aktiengesellschaft Nürnberg",
        "railway": "subway",
        "railway:lzb": "yes",
        "source": "extrapolation",
        "tunnel": "yes",
        "voltage": "750"
      },
      "geometry": {
        "type": "LineString",
        "coordinates": [
          [
            11.0815586,
            49.446942
          ],
          [
            11.0813631,
            49.4469006
          ],
          [
            11.0810499,
            49.4468298
          ]
        ]
      },
      "id": "way/1236316958"
    },
    {
      "type": "Feature",
      "properties": {
        "@id": "way/1236316959",
        "electrified": "rail",
        "frequency": "0",
        "gauge": "1435",
        "layer": "-3",
        "level": "-3",
        "maxspeed": "80",
        "name": "U2/U3",
        "operator": "VAG Verkehrs-Aktiengesellschaft Nürnberg",
        "railway": "subway",
        "railway:lzb": "yes",
        "source": "extrapolation",
        "tunnel": "yes",
        "voltage": "750"
      },
      "geometry": {
        "type": "LineString",
        "coordinates": [
          [
            11.0828079,
            49.447105
          ],
          [
            11.0829848,
            49.4471548
          ],
          [
            11.0831583,
            49.4471995
          ],
          [
            11.0837984,
            49.4473519
          ]
        ]
      },
      "id": "way/1236316959"
    },
    {
      "type": "Feature",
      "properties": {
        "@id": "way/1236316960",
        "electrified": "rail",
        "frequency": "0",
        "gauge": "1435",
        "layer": "-2",
        "level": "-2",
        "maxspeed": "80",
        "name": "U2/U3",
        "operator": "VAG Verkehrs-Aktiengesellschaft Nürnberg",
        "railway": "subway",
        "railway:lzb": "yes",
        "source": "extrapolation",
        "tunnel": "yes",
        "voltage": "750"
      },
      "geometry": {
        "type": "LineString",
        "coordinates": [
          [
            11.0810499,
            49.4468298
          ],
          [
            11.0804265,
            49.4467197
          ],
          [
            11.0801983,
            49.4466895
          ],
          [
            11.079899,
            49.4466561
          ],
          [
            11.079517,
            49.4466354
          ],
          [
            11.0790653,
            49.446627
          ],
          [
            11.0787553,
            49.4466285
          ],
          [
            11.0783671,
            49.4466475
          ],
          [
            11.0773942,
            49.4467286
          ],
          [
            11.0769636,
            49.4467645
          ],
          [
            11.0761342,
            49.4468329
          ]
        ]
      },
      "id": "way/1236316960"
    },
    {
      "type": "Feature",
      "properties": {
        "@id": "way/1236316961",
        "electrified": "rail",
        "frequency": "0",
        "gauge": "1435",
        "layer": "-2",
        "level": "-2",
        "maxspeed": "60",
        "name": "U2/U3",
        "operator": "VAG Verkehrs-Aktiengesellschaft Nürnberg",
        "railway": "subway",
        "railway:lzb": "yes",
        "source": "extrapolation",
        "tunnel": "yes",
        "voltage": "750"
      },
      "geometry": {
        "type": "LineString",
        "coordinates": [
          [
            11.0761342,
            49.4468329
          ],
          [
            11.0755319,
            49.4468826
          ],
          [
            11.0749498,
            49.4469291
          ],
          [
            11.0743084,
            49.4469803
          ],
          [
            11.0739622,
            49.4470021
          ],
          [
            11.0737842,
            49.4470151
          ]
        ]
      },
      "id": "way/1236316961"
    },
    {
      "type": "Feature",
      "properties": {
        "@id": "way/1236316962",
        "electrified": "rail",
        "frequency": "0",
        "gauge": "1435",
        "layer": "-3",
        "level": "-3",
        "maxspeed": "80",
        "name": "U2/U3",
        "operator": "VAG Verkehrs-Aktiengesellschaft Nürnberg",
        "railway": "subway",
        "railway:lzb": "yes",
        "source": "extrapolation",
        "tunnel": "yes",
        "voltage": "750"
      },
      "geometry": {
        "type": "LineString",
        "coordinates": [
          [
            11.0606462,
            49.4488982
          ],
          [
            11.0607317,
            49.4488991
          ],
          [
            11.0608172,
            49.4489
          ],
          [
            11.0609814,
            49.448898
          ],
          [
            11.0611392,
            49.4488907
          ],
          [
            11.0612758,
            49.4488843
          ],
          [
            11.0615634,
            49.44885
          ],
          [
            11.0619316,
            49.4487744
          ],
          [
            11.062286,
            49.4486922
          ],
          [
            11.0625183,
            49.4486459
          ],
          [
            11.0627498,
            49.4485921
          ]
        ]
      },
      "id": "way/1236316962"
    },
    {
      "type": "Feature",
      "properties": {
        "@id": "way/1236316963",
        "electrified": "rail",
        "frequency": "0",
        "gauge": "1435",
        "layer": "-3",
        "level": "-3",
        "maxspeed": "80",
        "name": "U2/U3",
        "operator": "VAG Verkehrs-Aktiengesellschaft Nürnberg",
        "railway": "subway",
        "railway:lzb": "yes",
        "source": "extrapolation",
        "tunnel": "yes",
        "voltage": "750"
      },
      "geometry": {
        "type": "LineString",
        "coordinates": [
          [
            11.0656111,
            49.4481925
          ],
          [
            11.0656222,
            49.4481908
          ],
          [
            11.0658197,
            49.4481606
          ],
          [
            11.0660691,
            49.4481065
          ],
          [
            11.0662542,
            49.4480612
          ],
          [
            11.0664415,
            49.4480136
          ]
        ]
      },
      "id": "way/1236316963"
    },
    {
      "type": "Feature",
      "properties": {
        "@id": "way/1236316964",
        "electrified": "rail",
        "frequency": "0",
        "gauge": "1435",
        "layer": "-2",
        "level": "-2",
        "maxspeed": "80",
        "name": "U2/U3",
        "operator": "VAG Verkehrs-Aktiengesellschaft Nürnberg",
        "railway": "subway",
        "railway:lzb": "yes",
        "source": "extrapolation",
        "tunnel": "yes",
        "voltage": "750"
      },
      "geometry": {
        "type": "LineString",
        "coordinates": [
          [
            11.0664438,
            49.4480175
          ],
          [
            11.0662565,
            49.4480651
          ],
          [
            11.0660714,
            49.4481104
          ],
          [
            11.0659105,
            49.4481453
          ]
        ]
      },
      "id": "way/1236316964"
    },
    {
      "type": "Feature",
      "properties": {
        "@id": "way/1236316965",
        "electrified": "rail",
        "frequency": "0",
        "gauge": "1435",
        "layer": "-2",
        "level": "-2",
        "maxspeed": "60",
        "name": "U2/U3",
        "operator": "VAG Verkehrs-Aktiengesellschaft Nürnberg",
        "railway": "subway",
        "railway:lzb": "yes",
        "source": "extrapolation",
        "tunnel": "yes",
        "voltage": "750"
      },
      "geometry": {
        "type": "LineString",
        "coordinates": [
          [
            11.0659105,
            49.4481453
          ],
          [
            11.065822,
            49.4481645
          ],
          [
            11.0656319,
            49.4481936
          ],
          [
            11.0656257,
            49.4481945
          ],
          [
            11.0656134,
            49.4481964
          ],
          [
            11.0655544,
            49.4482023
          ],
          [
            11.0654872,
            49.448209
          ],
          [
            11.0653837,
            49.4482193
          ],
          [
            11.0652509,
            49.4482323
          ],
          [
            11.0650959,
            49.4482472
          ],
          [
            11.0649257,
            49.4482634
          ],
          [
            11.0647472,
            49.4482799
          ],
          [
            11.0645676,
            49.4482961
          ],
          [
            11.0643938,
            49.4483112
          ],
          [
            11.0642441,
            49.4483234
          ],
          [
            11.0642313,
            49.4483244
          ],
          [
            11.0642244,
            49.448325
          ]
        ]
      },
      "id": "way/1236316965"
    },
    {
      "type": "Feature",
      "properties": {
        "@id": "way/1340673488",
        "electrified": "rail",
        "frequency": "0",
        "gauge": "1435",
        "level": "-3",
        "maxspeed": "60",
        "name": "U2/U3",
        "operator": "VAG Verkehrs-Aktiengesellschaft Nürnberg",
        "railway": "subway",
        "railway:lzb": "yes",
        "source": "extrapolation",
        "tunnel": "yes",
        "voltage": "750"
      },
      "geometry": {
        "type": "LineString",
        "coordinates": [
          [
            11.0558331,
            49.4450388
          ],
          [
            11.0555811,
            49.4448376
          ],
          [
            11.0551483,
            49.4445345
          ],
          [
            11.0547404,
            49.4442508
          ]
        ]
      },
      "id": "way/1340673488"
    },
    {
      "type": "Feature",
      "properties": {
        "@id": "way/1340673489",
        "electrified": "rail",
        "frequency": "0",
        "gauge": "1435",
        "level": "-3",
        "maxspeed": "80",
        "name": "U2/U3",
        "operator": "VAG Verkehrs-Aktiengesellschaft Nürnberg",
        "railway": "subway",
        "railway:lzb": "yes",
        "source": "extrapolation",
        "tunnel": "yes",
        "voltage": "750"
      },
      "geometry": {
        "type": "LineString",
        "coordinates": [
          [
            11.0547404,
            49.4442508
          ],
          [
            11.0546139,
            49.4441582
          ]
        ]
      },
      "id": "way/1340673489"
    }
  ]
}